TIME_(s),CIC_S,CIC_W,CIC_N,CIC_E,CIC_C,SD_S,SD_W,SD_N,SD_E,SD_C,IMAGE
0.024,-77326.1,-81341.2,-78595.4,-83111.1,-96458.4,1.4,2.1,1.3,1.0,3.4,frame_24_msec.jpg
0.025,-77326.2,-81341.3,-78595.4,-83111.0,-96458.5,1.3,2.0,1.3,1.1,3.4,frame_25_msec.jpg
0.025,-77326.3,-81341.3,-78595.4,-83111.0,-96458.6,1.2,1.9,1.3,1.1,3.2,frame_25_msec.jpg
0.025,-77326.3,-81341.3,-78595.4,-83111.1,-96458.8,1.1,2.0,1.3,1.0,3.1,frame_25_msec.jpg
0.026,-77326.3,-81341.3,-78595.3,-83111.2,-96459.0,1.2,2.0,1.4,0.9,2.9,frame_26_msec.jpg
0.026,-77326.2,-81341.2,-78595.3,-83111.2,-96459.3,1.3,2.0,1.4,0.9,2.6,frame_26_msec.jpg
0.027,-77326.1,-81341.2,-78595.2,-83111.3,-96459.6,1.4,2.1,1.5,0.8,2.2,frame_27_msec.jpg
0.052,-77326.0,-81341.2,-78595.2,-83111.4,-96460.0,1.5,2.0,1.5,0.7,1.9,frame_52_msec.jpg
0.053,-77326.0,-81341.3,-78595.2,-83111.4,-96460.4,1.5,1.9,1.5,0.7,1.5,frame_53_msec.jpg
0.053,-77326.0,-81341.5,-78595.2,-83111.5,-96460.6,1.4,1.8,1.5,0.6,1.2,frame_53_msec.jpg
0.053,-77326.2,-81341.7,-78595.2,-83111.5,-96460.8,1.3,1.6,1.5,0.6,1.1,frame_53_msec.jpg
0.053,-77326.3,-81341.9,-78595.3,-83111.4,-96460.8,1.1,1.4,1.4,0.7,1.0,frame_53_msec.jpg
0.054,-77326.5,-81342.0,-78595.5,-83111.4,-96460.8,0.9,1.3,1.2,0.7,1.1,frame_54_msec.jpg
0.083,-77326.7,-81342.1,-78595.7,-83111.3,-96460.6,0.8,1.2,1.0,0.8,1.2,frame_83_msec.jpg
0.084,-77326.8,-81342.2,-78595.9,-83111.2,-96460.5,0.7,1.1,0.8,0.9,1.4,frame_84_msec.jpg
0.084,-77326.8,-81342.2,-78596.1,-83111.1,-96460.3,0.6,1.1,0.6,1.0,1.6,frame_84_msec.jpg
0.084,-77326.8,-81342.1,-78596.3,-83111.0,-96460.1,0.7,1.1,0.4,1.1,1.8,frame_84_msec.jpg
0.085,-77326.7,-81342.1,-78596.5,-83110.9,-96459.9,0.8,1.2,0.2,1.2,2.0,frame_85_msec.jpg
0.085,-77326.6,-81342.1,-78596.6,-83110.9,-96459.6,0.9,1.2,0.1,1.2,2.2,frame_85_msec.jpg
0.114,-77326.5,-81342.1,-78596.7,-83110.9,-96459.4,1.0,1.2,0.0,1.2,2.5,frame_114_msec.jpg
0.115,-77326.4,-81342.0,-78596.6,-83110.9,-96459.1,1.1,1.2,0.0,1.2,2.8,frame_115_msec.jpg
0.115,-77326.3,-81342.0,-78596.6,-83110.9,-96458.7,1.2,1.2,0.1,1.2,3.2,frame_115_msec.jpg
0.116,-77326.2,-81342.0,-78596.5,-83111.0,-96458.3,1.3,1.2,0.2,1.1,3.6,frame_116_msec.jpg
0.116,-77326.1,-81342.0,-78596.3,-83111.1,-96457.9,1.4,1.3,0.4,1.0,4.0,frame_116_msec.jpg
0.116,-77326.0,-81341.9,-78596.0,-83111.1,-96457.5,1.5,1.4,0.7,1.0,4.4,frame_116_msec.jpg
0.145,-77325.9,-81341.8,-78595.7,-83111.2,-96457.2,1.6,1.4,1.0,0.9,4.7,frame_145_msec.jpg
0.146,-77325.7,-81341.7,-78595.4,-83111.2,-96456.9,1.8,1.5,1.3,0.9,5.0,frame_146_msec.jpg
0.146,-77325.6,-81341.7,-78595.1,-83111.3,-96456.8,1.9,1.6,1.6,0.8,5.1,frame_146_msec.jpg
0.147,-77325.5,-81341.6,-78594.9,-83111.3,-96456.8,2.0,1.6,1.8,0.8,5.0,frame_147_msec.jpg
0.147,-77325.4,-81341.6,-78594.8,-83111.4,-96457.0,2.1,1.7,1.9,0.7,4.9,frame_147_msec.jpg
0.147,-77325.4,-81341.6,-78594.8,-83111.4,-96457.2,2.1,1.7,1.9,0.7,4.6,frame_147_msec.jpg
0.147,-77325.4,-81341.6,-78595.0,-83111.5,-96457.6,2.1,1.6,1.7,0.6,4.3,frame_147_msec.jpg
0.175,-77325.5,-81341.7,-78595.2,-83111.6,-96458.0,2.0,1.6,1.5,0.5,3.9,frame_175_msec.jpg
0.177,-77325.7,-81341.7,-78595.5,-83111.7,-96458.5,1.8,1.5,1.2,0.4,3.4,frame_177_msec.jpg
0.178,-77325.9,-81341.8,-78595.8,-83111.7,-96459.0,1.5,1.4,0.9,0.4,2.9,frame_178_msec.jpg
0.179,-77326.2,-81342.0,-78596.1,-83111.8,-96459.5,1.2,1.3,0.5,0.3,2.4,frame_179_msec.jpg
0.179,-77326.5,-81342.1,-78596.4,-83111.8,-96460.0,1.0,1.2,0.2,0.3,1.9,frame_179_msec.jpg
0.180,-77326.8,-81342.2,-78596.7,-83111.9,-96460.4,0.7,1.0,0.0,0.2,1.5,frame_180_msec.jpg
0.206,-77327.0,-81342.4,-78596.8,-83111.9,-96460.7,0.5,0.9,-0.1,0.2,1.2,frame_206_msec.jpg
0.211,-77327.1,-81342.5,-78596.9,-83111.8,-96460.8,0.4,0.8,-0.2,0.3,1.0,frame_211_msec.jpg
0.211,-77327.1,-81342.5,-78596.9,-83111.7,-96460.8,0.3,0.8,-0.2,0.4,1.1,frame_211_msec.jpg
0.211,-77327.1,-81342.5,-78596.8,-83111.5,-96460.6,0.4,0.8,-0.1,0.6,1.2,frame_211_msec.jpg
0.211,-77327.0,-81342.4,-78596.7,-83111.3,-96460.4,0.5,0.9,-0.0,0.8,1.5,frame_211_msec.jpg
0.212,-77326.8,-81342.2,-78596.6,-83111.2,-96460.0,0.6,1.0,0.1,0.9,1.9,frame_212_msec.jpg
0.212,-77326.7,-81342.1,-78596.5,-83111.1,-96459.7,0.8,1.2,0.2,1.0,2.2,frame_212_msec.jpg
0.237,-77326.6,-81342.0,-78596.3,-83111.0,-96459.4,0.9,1.3,0.4,1.1,2.5,frame_237_msec.jpg
0.245,-77326.6,-81341.8,-78596.2,-83111.1,-96459.2,0.9,1.5,0.5,1.0,2.7,frame_245_msec.jpg
0.245,-77326.6,-81341.6,-78596.1,-83111.2,-96459.1,0.9,1.6,0.6,0.9,2.8,frame_245_msec.jpg
0.245,-77326.6,-81341.5,-78595.9,-83111.3,-96459.0,0.9,1.8,0.8,0.8,2.9,frame_245_msec.jpg
0.246,-77326.7,-81341.3,-78595.8,-83111.3,-96459.0,0.8,2.0,0.9,0.8,2.9,frame_246_msec.jpg
0.246,-77326.7,-81341.2,-78595.7,-83111.3,-96459.0,0.7,2.1,1.0,0.8,2.9,frame_246_msec.jpg
0.268,-77326.8,-81341.1,-78595.6,-83111.2,-96459.0,0.7,2.2,1.1,0.9,2.9,frame_268_msec.jpg
0.277,-77326.9,-81341.0,-78595.6,-83111.0,-96458.9,0.6,2.3,1.1,1.1,3.0,frame_277_msec.jpg
0.278,-77326.9,-81340.9,-78595.6,-83110.8,-96458.7,0.6,2.4,1.1,1.3,3.2,frame_278_msec.jpg
0.278,-77326.9,-81340.9,-78595.7,-83110.6,-96458.6,0.5,2.4,1.0,1.5,3.3,frame_278_msec.jpg
0.278,-77327.0,-81340.8,-78595.8,-83110.5,-96458.5,0.5,2.4,0.9,1.6,3.4,frame_278_msec.jpg
0.279,-77327.0,-81340.8,-78595.9,-83110.4,-96458.5,0.4,2.4,0.8,1.7,3.4,frame_279_msec.jpg
0.279,-77327.1,-81340.9,-78596.0,-83110.4,-96458.6,0.4,2.4,0.7,1.7,3.3,frame_279_msec.jpg
0.300,-77327.1,-81340.9,-78596.1,-83110.5,-96458.7,0.4,2.4,0.6,1.6,3.1,frame_300_msec.jpg
0.311,-77327.1,-81341.0,-78596.2,-83110.7,-96459.0,0.4,2.3,0.5,1.4,2.9,frame_311_msec.jpg
0.311,-77327.0,-81341.0,-78596.2,-83110.9,-96459.2,0.5,2.2,0.5,1.2,2.7,frame_311_msec.jpg
0.312,-77326.8,-81341.0,-78596.2,-83111.0,-96459.3,0.6,2.2,0.5,1.1,2.5,frame_312_msec.jpg
0.312,-77326.7,-81341.0,-78596.2,-83111.2,-96459.5,0.8,2.2,0.5,0.9,2.4,frame_312_msec.jpg
0.312,-77326.6,-81341.0,-78596.1,-83111.3,-96459.5,0.8,2.3,0.6,0.8,2.4,frame_312_msec.jpg
0.313,-77326.6,-81340.9,-78596.1,-83111.4,-96459.4,0.9,2.3,0.6,0.7,2.5,frame_313_msec.jpg
0.331,-77326.7,-81340.9,-78596.1,-83111.5,-96459.3,0.8,2.4,0.6,0.6,2.6,frame_331_msec.jpg
0.343,-77326.8,-81340.9,-78596.0,-83111.6,-96459.2,0.6,2.4,0.7,0.5,2.7,frame_343_msec.jpg
0.344,-77327.0,-81340.9,-78596.0,-83111.7,-96459.1,0.5,2.4,0.7,0.4,2.8,frame_344_msec.jpg
0.344,-77327.1,-81340.9,-78595.9,-83111.8,-96459.0,0.4,2.3,0.8,0.3,2.9,frame_344_msec.jpg
0.344,-77327.1,-81340.9,-78595.9,-83111.8,-96458.9,0.3,2.3,0.8,0.3,3.0,frame_344_msec.jpg
0.345,-77327.1,-81340.9,-78595.9,-83111.8,-96458.9,0.3,2.4,0.8,0.3,2.9,frame_345_msec.jpg
0.362,-77327.1,-81340.8,-78595.9,-83111.8,-96459.0,0.4,2.5,0.8,0.3,2.9,frame_362_msec.jpg
0.378,-77327.1,-81340.6,-78596.0,-83111.7,-96459.0,0.4,2.6,0.7,0.4,2.9,frame_378_msec.jpg
0.378,-77327.1,-81340.5,-78596.0,-83111.6,-96459.0,0.4,2.8,0.7,0.5,2.8,frame_378_msec.jpg
0.379,-77327.1,-81340.4,-78596.1,-83111.4,-96459.0,0.3,2.9,0.6,0.7,2.9,frame_379_msec.jpg
0.379,-77327.2,-81340.3,-78596.2,-83111.4,-96459.0,0.3,2.9,0.5,0.8,2.9,frame_379_msec.jpg
0.379,-77327.2,-81340.4,-78596.3,-83111.3,-96458.9,0.2,2.9,0.4,0.8,3.0,frame_379_msec.jpg
0.379,-77327.3,-81340.5,-78596.4,-83111.3,-96458.8,0.2,2.7,0.3,0.8,3.1,frame_379_msec.jpg
0.394,-77327.2,-81340.8,-78596.5,-83111.2,-96458.7,0.2,2.5,0.2,0.9,3.2,frame_394_msec.jpg
0.411,-77327.1,-81341.0,-78596.6,-83111.2,-96458.7,0.3,2.3,0.1,0.9,3.2,frame_411_msec.jpg
0.411,-77327.0,-81341.1,-78596.7,-83111.2,-96458.6,0.5,2.2,0.0,0.9,3.2,frame_411_msec.jpg
0.412,-77326.8,-81341.2,-78596.7,-83111.2,-96458.6,0.6,2.1,-0.0,0.9,3.2,frame_412_msec.jpg
0.412,-77326.7,-81341.1,-78596.7,-83111.1,-96458.6,0.8,2.2,0.0,1.0,3.2,frame_412_msec.jpg
0.412,-77326.5,-81340.9,-78596.6,-83111.0,-96458.6,1.0,2.3,0.1,1.1,3.2,frame_412_msec.jpg
0.412,-77326.3,-81340.7,-78596.5,-83110.9,-96458.6,1.2,2.5,0.2,1.2,3.3,frame_412_msec.jpg
0.427,-77326.1,-81340.5,-78596.3,-83110.8,-96458.6,1.4,2.8,0.4,1.3,3.3,frame_427_msec.jpg
0.444,-77326.0,-81340.3,-78596.0,-83110.8,-96458.5,1.5,2.9,0.6,1.3,3.3,frame_444_msec.jpg
0.444,-77325.9,-81340.2,-78595.8,-83110.8,-96458.5,1.6,3.1,0.9,1.3,3.3,frame_444_msec.jpg
0.445,-77325.8,-81340.2,-78595.5,-83110.8,-96458.5,1.7,3.1,1.2,1.3,3.3,frame_445_msec.jpg
0.445,-77325.8,-81340.2,-78595.3,-83110.9,-96458.6,1.7,3.0,1.4,1.2,3.3,frame_445_msec.jpg
0.445,-77325.8,-81340.3,-78595.2,-83110.9,-96458.6,1.7,3.0,1.5,1.2,3.3,frame_445_msec.jpg
0.445,-77325.9,-81340.4,-78595.1,-83110.9,-96458.6,1.6,2.9,1.6,1.2,3.3,frame_445_msec.jpg
0.461,-77325.9,-81340.5,-78595.1,-83110.9,-96458.6,1.5,2.8,1.6,1.2,3.2,frame_461_msec.jpg
0.477,-77326.0,-81340.5,-78595.1,-83110.8,-96458.7,1.5,2.7,1.5,1.3,3.2,frame_477_msec.jpg
0.478,-77326.0,-81340.6,-78595.2,-83110.8,-96458.7,1.5,2.7,1.5,1.3,3.2,frame_478_msec.jpg
0.478,-77326.0,-81340.7,-78595.3,-83110.7,-96458.8,1.5,2.6,1.4,1.4,3.1,frame_478_msec.jpg
0.478,-77325.9,-81340.7,-78595.3,-83110.7,-96458.8,1.6,2.5,1.4,1.4,3.1,frame_478_msec.jpg
0.478,-77325.8,-81340.8,-78595.3,-83110.7,-96458.8,1.7,2.4,1.4,1.4,3.0,frame_478_msec.jpg
0.479,-77325.7,-81340.9,-78595.2,-83110.7,-96458.8,1.7,2.3,1.5,1.4,3.0,frame_479_msec.jpg
0.494,-77325.7,-81341.0,-78595.0,-83110.6,-96458.8,1.8,2.2,1.7,1.5,3.1,frame_494_msec.jpg
0.511,-77325.6,-81341.1,-78594.7,-83110.5,-96458.7,1.8,2.2,2.0,1.6,3.2,frame_511_msec.jpg
0.511,-77325.6,-81341.0,-78594.5,-83110.3,-96458.5,1.9,2.2,2.2,1.8,3.4,frame_511_msec.jpg
0.512,-77325.5,-81340.9,-78594.2,-83110.2,-96458.2,1.9,2.4,2.5,1.9,3.7,frame_512_msec.jpg
0.512,-77325.4,-81340.6,-78593.9,-83110.0,-96457.8,2.0,2.6,2.8,2.1,4.0,frame_512_msec.jpg
0.512,-77325.3,-81340.3,-78593.7,-83109.8,-96457.5,2.2,2.9,3.0,2.3,4.4,frame_512_msec.jpg
0.513,-77325.1,-81340.0,-78593.5,-83109.6,-96457.1,2.4,3.3,3.1,2.5,4.7,frame_513_msec.jpg
0.550,-77324.8,-81339.7,-78593.5,-83109.5,-96456.9,2.6,3.6,3.2,2.6,5.0,frame_550_msec.jpg
0.551,-77324.6,-81339.4,-78593.4,-83109.4,-96456.6,2.9,3.9,3.3,2.7,5.2,frame_551_msec.jpg
0.551,-77324.4,-81339.2,-78593.4,-83109.3,-96456.5,3.1,4.0,3.3,2.8,5.4,frame_551_msec.jpg
0.551,-77324.3,-81339.2,-78593.4,-83109.2,-96456.5,3.2,4.1,3.3,2.9,5.4,frame_551_msec.jpg
0.551,-77324.3,-81339.3,-78593.4,-83109.1,-96456.5,3.2,4.0,3.3,3.0,5.4,frame_551_msec.jpg
0.552,-77324.4,-81339.5,-78593.5,-83109.1,-96456.6,3.1,3.7,3.2,3.0,5.3,frame_552_msec.jpg
0.552,-77324.6,-81339.8,-78593.6,-83109.0,-96456.7,2.9,3.4,3.1,3.1,5.2,frame_552_msec.jpg
0.552,-77324.8,-81340.2,-78593.7,-83109.0,-96456.8,2.7,3.1,3.0,3.1,5.1,frame_552_msec.jpg
0.580,-77325.0,-81340.5,-78593.8,-83109.1,-96456.9,2.5,2.7,2.9,3.0,5.0,frame_580_msec.jpg
0.581,-77325.2,-81340.9,-78594.0,-83109.4,-96457.0,2.2,2.4,2.7,2.7,4.9,frame_581_msec.jpg
0.581,-77325.4,-81341.1,-78594.2,-83109.7,-96457.2,2.0,2.2,2.4,2.4,4.7,frame_581_msec.jpg
0.582,-77325.6,-81341.2,-78594.5,-83110.0,-96457.4,1.9,2.0,2.2,2.1,4.5,frame_582_msec.jpg
0.582,-77325.7,-81341.3,-78594.6,-83110.3,-96457.6,1.8,2.0,2.1,1.8,4.3,frame_582_msec.jpg
0.582,-77325.7,-81341.3,-78594.8,-83110.6,-96457.8,1.8,2.0,1.9,1.5,4.0,frame_582_msec.jpg
0.611,-77325.6,-81341.2,-78594.8,-83110.8,-96458.0,1.8,2.1,1.9,1.3,3.9,frame_611_msec.jpg
0.613,-77325.6,-81341.1,-78594.9,-83111.0,-96458.1,1.9,2.1,1.8,1.1,3.7,frame_613_msec.jpg
0.613,-77325.5,-81341.0,-78594.9,-83111.1,-96458.2,1.9,2.2,1.8,1.0,3.7,frame_613_msec.jpg
0.613,-77325.5,-81341.0,-78594.8,-83111.2,-96458.1,2.0,2.3,1.9,0.9,3.8,frame_613_msec.jpg
0.614,-77325.5,-81341.0,-78594.8,-83111.2,-96458.0,2.0,2.3,1.9,0.9,3.9,frame_614_msec.jpg
0.614,-77325.5,-81341.0,-78594.8,-83111.3,-96457.9,2.0,2.3,1.9,0.8,4.0,frame_614_msec.jpg
0.641,-77325.5,-81341.1,-78594.7,-83111.3,-96457.8,1.9,2.2,2.0,0.8,4.1,frame_641_msec.jpg
0.644,-77325.6,-81341.2,-78594.6,-83111.3,-96457.8,1.9,2.1,2.1,0.8,4.1,frame_644_msec.jpg
0.645,-77325.6,-81341.2,-78594.6,-83111.3,-96457.8,1.9,2.0,2.1,0.8,4.1,frame_645_msec.jpg
0.645,-77325.6,-81341.3,-78594.5,-83111.2,-96457.8,1.9,2.0,2.2,0.9,4.1,frame_645_msec.jpg
0.645,-77325.6,-81341.3,-78594.4,-83111.0,-96457.8,1.9,2.0,2.3,1.1,4.0,frame_645_msec.jpg
0.645,-77325.6,-81341.3,-78594.4,-83110.9,-96457.9,1.9,2.0,2.3,1.2,4.0,frame_645_msec.jpg
0.672,-77325.5,-81341.3,-78594.4,-83110.8,-96457.9,2.0,2.0,2.3,1.4,3.9,frame_672_msec.jpg
0.677,-77325.5,-81341.3,-78594.4,-83110.7,-96458.0,2.0,2.0,2.3,1.4,3.9,frame_677_msec.jpg
0.678,-77325.5,-81341.4,-78594.4,-83110.6,-96458.0,1.9,1.9,2.3,1.5,3.8,frame_678_msec.jpg
0.678,-77325.6,-81341.4,-78594.5,-83110.6,-96458.1,1.9,1.9,2.2,1.5,3.8,frame_678_msec.jpg
0.678,-77325.7,-81341.4,-78594.6,-83110.5,-96458.1,1.8,1.8,2.1,1.6,3.8,frame_678_msec.jpg
0.679,-77325.7,-81341.4,-78594.6,-83110.5,-96458.0,1.8,1.8,2.0,1.6,3.9,frame_679_msec.jpg
0.679,-77325.7,-81341.4,-78594.7,-83110.4,-96457.9,1.7,1.9,2.0,1.7,4.0,frame_679_msec.jpg
0.704,-77325.7,-81341.3,-78594.8,-83110.2,-96457.6,1.8,2.0,1.9,1.9,4.2,frame_704_msec.jpg
0.711,-77325.6,-81341.1,-78594.8,-83110.1,-96457.4,1.8,2.2,1.9,2.0,4.5,frame_711_msec.jpg
0.711,-77325.6,-81341.0,-78594.9,-83109.9,-96457.2,1.9,2.3,1.8,2.2,4.7,frame_711_msec.jpg
0.712,-77325.5,-81340.9,-78595.0,-83109.8,-96457.0,2.0,2.3,1.7,2.3,4.8,frame_712_msec.jpg
0.712,-77325.5,-81341.0,-78595.2,-83109.8,-96457.1,1.9,2.3,1.5,2.3,4.8,frame_712_msec.jpg
0.712,-77325.6,-81341.2,-78595.4,-83109.9,-96457.4,1.9,2.1,1.3,2.2,4.5,frame_712_msec.jpg
0.713,-77325.8,-81341.5,-78595.6,-83110.2,-96457.9,1.7,1.8,1.1,1.9,4.0,frame_713_msec.jpg
0.735,-77326.0,-81341.8,-78595.8,-83110.5,-96458.5,1.4,1.5,0.9,1.6,3.4,frame_735_msec.jpg
0.744,-77326.3,-81342.2,-78595.9,-83110.8,-96459.1,1.2,1.1,0.8,1.3,2.8,frame_744_msec.jpg
0.744,-77326.6,-81342.5,-78596.0,-83111.2,-96459.7,0.9,0.8,0.7,0.9,2.2,frame_744_msec.jpg
0.745,-77326.8,-81342.8,-78596.1,-83111.5,-96460.1,0.7,0.5,0.6,0.6,1.8,frame_745_msec.jpg
0.745,-77326.9,-81342.9,-78596.1,-83111.6,-96460.3,0.6,0.4,0.6,0.5,1.6,frame_745_msec.jpg
0.745,-77326.9,-81342.9,-78596.1,-83111.6,-96460.2,0.6,0.4,0.6,0.5,1.7,frame_745_msec.jpg
0.766,-77326.8,-81342.8,-78596.0,-83111.5,-96459.9,0.6,0.5,0.7,0.6,2.0,frame_766_msec.jpg
0.778,-77326.7,-81342.6,-78596.0,-83111.3,-96459.4,0.8,0.7,0.7,0.8,2.5,frame_778_msec.jpg
0.778,-77326.5,-81342.3,-78595.9,-83111.0,-96458.7,1.0,0.9,0.8,1.1,3.1,frame_778_msec.jpg
0.778,-77326.2,-81342.0,-78595.7,-83110.7,-96458.1,1.3,1.2,1.0,1.4,3.8,frame_778_msec.jpg
0.779,-77326.0,-81341.7,-78595.6,-83110.4,-96457.4,1.5,1.6,1.1,1.7,4.5,frame_779_msec.jpg
0.779,-77325.7,-81341.3,-78595.3,-83110.2,-96456.8,1.8,2.0,1.4,1.9,5.0,frame_779_msec.jpg
0.779,-77325.5,-81340.9,-78595.1,-83110.1,-96456.4,2.0,2.3,1.6,2.0,5.5,frame_779_msec.jpg
0.798,-77325.3,-81340.7,-78595.0,-83110.1,-96456.1,2.2,2.6,1.7,2.0,5.7,frame_798_msec.jpg
0.811,-77325.2,-81340.5,-78594.9,-83110.2,-96456.1,2.3,2.8,1.8,1.9,5.8,frame_811_msec.jpg
0.811,-77325.1,-81340.4,-78594.9,-83110.4,-96456.2,2.4,2.9,1.8,1.7,5.7,frame_811_msec.jpg
0.812,-77325.1,-81340.4,-78594.9,-83110.6,-96456.4,2.3,2.9,1.8,1.5,5.5,frame_812_msec.jpg
0.812,-77325.2,-81340.4,-78595.0,-83110.9,-96456.7,2.3,2.9,1.7,1.2,5.2,frame_812_msec.jpg
0.812,-77325.3,-81340.5,-78595.0,-83111.1,-96457.0,2.2,2.8,1.7,1.0,4.8,frame_812_msec.jpg
0.812,-77325.4,-81340.6,-78594.9,-83111.3,-96457.3,2.1,2.6,1.8,0.8,4.6,frame_812_msec.jpg
0.830,-77325.5,-81340.7,-78594.8,-83111.4,-96457.5,2.0,2.5,1.9,0.7,4.4,frame_830_msec.jpg
0.844,-77325.6,-81340.8,-78594.6,-83111.4,-96457.5,1.9,2.5,2.0,0.7,4.4,frame_844_msec.jpg
0.844,-77325.6,-81340.9,-78594.4,-83111.3,-96457.4,1.8,2.4,2.3,0.8,4.5,frame_844_msec.jpg
0.845,-77325.7,-81340.9,-78594.2,-83111.2,-96457.3,1.8,2.4,2.5,0.9,4.6,frame_845_msec.jpg
0.845,-77325.6,-81340.9,-78594.0,-83110.9,-96457.0,1.8,2.4,2.7,1.2,4.8,frame_845_msec.jpg
0.845,-77325.6,-81340.9,-78593.9,-83110.7,-96456.8,1.9,2.4,2.8,1.4,5.0,frame_845_msec.jpg
0.861,-77325.6,-81340.9,-78593.9,-83110.5,-96456.7,1.9,2.4,2.8,1.6,5.2,frame_861_msec.jpg
0.878,-77325.5,-81341.0,-78593.9,-83110.4,-96456.6,1.9,2.3,2.8,1.8,5.3,frame_878_msec.jpg
0.878,-77325.6,-81341.1,-78594.1,-83110.3,-96456.6,1.9,2.2,2.6,1.8,5.3,frame_878_msec.jpg
0.878,-77325.6,-81341.3,-78594.4,-83110.4,-96456.8,1.8,1.9,2.3,1.7,5.1,frame_878_msec.jpg
0.879,-77325.8,-81341.6,-78594.7,-83110.5,-96457.0,1.7,1.6,2.0,1.6,4.9,frame_879_msec.jpg
0.879,-77326.0,-81342.0,-78595.1,-83110.7,-96457.3,1.5,1.3,1.6,1.4,4.5,frame_879_msec.jpg
0.879,-77326.2,-81342.3,-78595.5,-83110.9,-96457.6,1.3,0.9,1.2,1.2,4.3,frame_879_msec.jpg
0.879,-77326.4,-81342.6,-78595.7,-83111.1,-96457.8,1.1,0.7,1.0,1.0,4.1,frame_879_msec.jpg
0.894,-77326.5,-81342.7,-78595.9,-83111.1,-96457.9,1.0,0.5,0.8,1.0,3.9,frame_894_msec.jpg
0.911,-77326.6,-81342.8,-78595.8,-83111.1,-96457.9,0.9,0.5,0.9,1.0,4.0,frame_911_msec.jpg
0.912,-77326.6,-81342.7,-78595.7,-83110.9,-96457.9,0.9,0.6,1.0,1.2,4.0,frame_912_msec.jpg
0.912,-77326.6,-81342.5,-78595.5,-83110.8,-96457.8,0.9,0.8,1.2,1.3,4.1,frame_912_msec.jpg
0.912,-77326.6,-81342.3,-78595.3,-83110.7,-96457.7,0.9,1.0,1.4,1.4,4.1,frame_912_msec.jpg
0.913,-77326.5,-81342.1,-78595.1,-83110.7,-96457.8,1.0,1.2,1.6,1.4,4.1,frame_913_msec.jpg
0.913,-77326.5,-81341.9,-78595.0,-83110.8,-96457.9,1.0,1.3,1.7,1.3,4.0,frame_913_msec.jpg
0.928,-77326.4,-81341.8,-78595.0,-83111.0,-96458.1,1.0,1.4,1.7,1.1,3.8,frame_928_msec.jpg
0.945,-77326.4,-81341.8,-78595.1,-83111.2,-96458.3,1.1,1.4,1.6,0.9,3.6,frame_945_msec.jpg
0.945,-77326.4,-81341.8,-78595.2,-83111.3,-96458.5,1.1,1.4,1.5,0.8,3.4,frame_945_msec.jpg
0.946,-77326.4,-81341.9,-78595.2,-83111.4,-96458.7,1.1,1.4,1.5,0.7,3.2,frame_946_msec.jpg
0.946,-77326.4,-81342.0,-78595.2,-83111.5,-96458.9,1.0,1.3,1.5,0.6,3.0,frame_946_msec.jpg
0.946,-77326.5,-81342.1,-78595.2,-83111.4,-96459.1,1.0,1.2,1.4,0.7,2.8,frame_946_msec.jpg
0.947,-77326.5,-81342.2,-78595.3,-83111.3,-96459.2,1.0,1.1,1.4,0.8,2.7,frame_947_msec.jpg
0.961,-77326.6,-81342.2,-78595.3,-83111.2,-96459.2,0.9,1.1,1.4,0.9,2.6,frame_961_msec.jpg
0.978,-77326.7,-81342.2,-78595.4,-83111.1,-96459.3,0.8,1.1,1.3,1.0,2.6,frame_978_msec.jpg
0.978,-77326.7,-81342.2,-78595.5,-83111.0,-96459.3,0.7,1.1,1.2,1.1,2.6,frame_978_msec.jpg
0.979,-77326.8,-81342.1,-78595.7,-83111.0,-96459.3,0.6,1.1,1.0,1.1,2.6,frame_979_msec.jpg
0.979,-77326.9,-81342.1,-78595.8,-83111.0,-96459.3,0.5,1.2,0.9,1.1,2.5,frame_979_msec.jpg
0.979,-77327.0,-81342.1,-78595.9,-83111.1,-96459.4,0.4,1.2,0.8,1.0,2.4,frame_979_msec.jpg
0.994,-77327.2,-81342.2,-78596.0,-83111.2,-96459.6,0.3,1.1,0.7,0.9,2.3,frame_994_msec.jpg
1.011,-77327.3,-81342.2,-78596.1,-83111.3,-96459.8,0.2,1.0,0.6,0.8,2.1,frame_1010_msec.jpg
1.012,-77327.4,-81342.4,-78596.2,-83111.4,-96460.0,0.1,0.9,0.5,0.7,1.9,frame_1012_msec.jpg
1.012,-77327.5,-81342.5,-78596.2,-83111.5,-96460.2,0.0,0.8,0.5,0.6,1.7,frame_1012_msec.jpg
1.013,-77327.4,-81342.5,-78596.2,-83111.5,-96460.3,0.1,0.8,0.5,0.6,1.6,frame_1012_msec.jpg
1.013,-77327.3,-81342.5,-78596.2,-83111.5,-96460.3,0.2,0.8,0.5,0.6,1.6,frame_1012_msec.jpg
1.013,-77327.0,-81342.4,-78596.2,-83111.4,-96460.2,0.4,0.9,0.5,0.7,1.7,frame_1012_msec.jpg
1.050,-77326.8,-81342.2,-78596.2,-83111.3,-96460.0,0.7,1.0,0.5,0.8,1.9,frame_1050_msec.jpg
1.050,-77326.4,-81342.1,-78596.1,-83111.1,-96459.7,1.0,1.2,0.6,1.0,2.2,frame_1050_msec.jpg
1.051,-77326.2,-81342.0,-78596.1,-83111.0,-96459.5,1.3,1.3,0.6,1.1,2.4,frame_1051_msec.jpg
1.051,-77326.0,-81341.9,-78596.1,-83110.9,-96459.3,1.5,1.4,0.6,1.2,2.6,frame_1051_msec.jpg
1.051,-77325.8,-81341.9,-78596.2,-83110.9,-96459.1,1.6,1.4,0.5,1.2,2.7,frame_1051_msec.jpg
1.051,-77325.8,-81341.9,-78596.2,-83110.9,-96459.1,1.7,1.4,0.5,1.2,2.8,frame_1051_msec.jpg
1.052,-77325.8,-81341.9,-78596.2,-83111.0,-96459.0,1.6,1.4,0.5,1.1,2.9,frame_1052_msec.jpg
1.052,-77325.9,-81341.8,-78596.1,-83111.1,-96458.9,1.6,1.5,0.6,1.0,3.0,frame_1052_msec.jpg
1.081,-77326.0,-81341.7,-78596.0,-83111.1,-96458.8,1.4,1.6,0.7,1.0,3.1,frame_1081_msec.jpg
1.082,-77326.2,-81341.5,-78595.9,-83111.2,-96458.6,1.3,1.8,0.8,0.9,3.3,frame_1082_msec.jpg
1.082,-77326.3,-81341.2,-78595.8,-83111.1,-96458.4,1.2,2.0,0.9,1.0,3.5,frame_1082_msec.jpg
1.082,-77326.3,-81341.0,-78595.6,-83110.9,-96458.1,1.1,2.3,1.1,1.2,3.8,frame_1082_msec.jpg
1.082,-77326.4,-81340.8,-78595.5,-83110.7,-96457.8,1.1,2.5,1.2,1.4,4.1,frame_1082_msec.jpg
1.083,-77326.4,-81340.6,-78595.3,-83110.5,-96457.5,1.1,2.7,1.4,1.6,4.4,frame_1083_msec.jpg
1.113,-77326.3,-81340.5,-78595.1,-83110.3,-96457.2,1.2,2.8,1.6,1.8,4.6,frame_1113_msec.jpg
1.114,-77326.2,-81340.3,-78594.9,-83110.2,-96457.0,1.3,2.9,1.8,1.9,4.9,frame_1114_msec.jpg
1.114,-77326.0,-81340.2,-78594.5,-83110.1,-96456.7,1.4,3.1,2.2,2.0,5.1,frame_1114_msec.jpg
1.114,-77325.8,-81339.9,-78594.1,-83110.1,-96456.5,1.6,3.4,2.6,2.0,5.4,frame_1114_msec.jpg
1.114,-77325.6,-81339.5,-78593.7,-83110.1,-96456.2,1.9,3.8,3.0,2.0,5.7,frame_1114_msec.jpg
1.115,-77325.3,-81339.0,-78593.2,-83110.0,-96456.0,2.2,4.2,3.4,2.1,5.9,frame_1115_msec.jpg
1.144,-77325.0,-81338.5,-78592.8,-83110.0,-96455.8,2.5,4.8,3.9,2.1,6.1,frame_1144_msec.jpg
1.145,-77324.7,-81337.8,-78592.5,-83109.9,-96455.6,2.8,5.4,4.2,2.2,6.3,frame_1145_msec.jpg
1.146,-77324.4,-81337.2,-78592.2,-83109.7,-96455.5,3.1,6.1,4.5,2.4,6.4,frame_1146_msec.jpg
1.146,-77324.1,-81336.5,-78591.9,-83109.5,-96455.3,3.4,6.7,4.8,2.6,6.6,frame_1146_msec.jpg
1.146,-77323.7,-81335.9,-78591.6,-83109.3,-96455.1,3.7,7.4,5.1,2.8,6.8,frame_1146_msec.jpg
1.146,-77323.3,-81335.1,-78591.2,-83109.0,-96454.8,4.2,8.2,5.5,3.1,7.1,frame_1146_msec.jpg
1.176,-77322.8,-81334.2,-78590.6,-83108.7,-96454.3,4.6,9.1,6.1,3.4,7.5,frame_1176_msec.jpg
1.178,-77322.3,-81333.0,-78589.9,-83108.3,-96453.7,5.2,10.2,6.8,3.8,8.2,frame_1178_msec.jpg
1.178,-77321.6,-81331.6,-78588.9,-83107.9,-96452.9,5.9,11.6,7.8,4.2,8.9,frame_1178_msec.jpg
1.178,-77320.9,-81330.0,-78587.7,-83107.4,-96452.0,6.6,13.3,9.0,4.7,9.9,frame_1178_msec.jpg
1.179,-77320.1,-81328.1,-78586.2,-83106.8,-96450.9,7.4,15.2,10.5,5.3,10.9,frame_1179_msec.jpg
1.179,-77319.2,-81325.9,-78584.5,-83106.2,-96449.8,8.3,17.4,12.2,5.9,12.1,frame_1179_msec.jpg
1.179,-77318.2,-81323.6,-78582.6,-83105.5,-96448.4,9.3,19.7,14.1,6.6,13.5,frame_1179_msec.jpg
1.208,-77317.0,-81321.1,-78580.6,-83104.7,-96446.9,10.5,22.1,16.1,7.4,15.0,frame_1208_msec.jpg
1.212,-77315.7,-81318.6,-78578.4,-83103.9,-96445.2,11.8,24.7,18.3,8.2,16.6,frame_1212_msec.jpg
1.212,-77314.3,-81316.0,-78576.1,-83103.0,-96443.4,13.2,27.3,20.6,9.1,18.5,frame_1212_msec.jpg
1.213,-77312.8,-81313.4,-78573.6,-83102.2,-96441.4,14.7,29.9,23.1,9.9,20.4,frame_1213_msec.jpg
1.213,-77311.2,-81310.9,-78571.0,-83101.3,-96439.4,16.3,32.4,25.7,10.8,22.5,frame_1213_msec.jpg
1.214,-77309.6,-81308.5,-78568.3,-83100.3,-96437.2,17.9,34.8,28.4,11.8,24.7,frame_1214_msec.jpg
1.214,-77307.9,-81306.4,-78565.5,-83099.3,-96435.0,19.5,36.9,31.2,12.8,26.9,frame_1214_msec.jpg
1.239,-77306.3,-81304.6,-78562.6,-83098.1,-96432.7,21.2,38.6,34.1,14.0,29.2,frame_1239_msec.jpg
1.244,-77304.7,-81303.3,-78559.8,-83096.8,-96430.5,22.8,40.0,36.9,15.3,31.4,frame_1244_msec.jpg
1.245,-77303.1,-81302.4,-78557.1,-83095.3,-96428.3,24.4,40.9,39.6,16.8,33.5,frame_1245_msec.jpg
1.245,-77301.6,-81302.0,-78554.6,-83093.6,-96426.3,25.9,41.3,42.1,18.5,35.6,frame_1245_msec.jpg
1.245,-77300.3,-81302.1,-78552.5,-83091.9,-96424.5,27.2,41.2,44.2,20.2,37.4,frame_1245_msec.jpg
1.245,-77299.2,-81302.7,-78550.7,-83090.0,-96423.0,28.3,40.5,46.0,22.1,38.9,frame_1245_msec.jpg
1.270,-77298.3,-81303.8,-78549.3,-83088.2,-96421.9,29.1,39.5,47.4,23.9,40.0,frame_1270_msec.jpg
1.277,-77297.8,-81305.1,-78548.4,-83086.3,-96421.1,29.7,38.1,48.3,25.8,40.8,frame_1277_msec.jpg
1.278,-77297.5,-81306.8,-78548.0,-83084.5,-96420.7,30.0,36.5,48.7,27.6,41.2,frame_1278_msec.jpg
1.278,-77297.5,-81308.6,-78548.0,-83083.0,-96420.7,30.0,34.7,48.7,29.1,41.2,frame_1278_msec.jpg
1.278,-77297.8,-81310.5,-78548.5,-83081.6,-96420.9,29.7,32.8,48.2,30.5,40.9,frame_1278_msec.jpg
1.278,-77298.3,-81312.4,-78549.3,-83080.6,-96421.5,29.2,30.9,47.4,31.5,40.4,frame_1278_msec.jpg
1.279,-77299.0,-81314.2,-78550.4,-83080.0,-96422.3,28.5,29.1,46.3,32.1,39.6,frame_1279_msec.jpg
1.301,-77299.9,-81315.9,-78551.7,-83079.9,-96423.3,27.6,27.4,45.0,32.2,38.6,frame_1301_msec.jpg
1.311,-77301.0,-81317.4,-78553.3,-83080.2,-96424.5,26.4,25.9,43.4,31.9,37.4,frame_1311_msec.jpg
1.311,-77302.3,-81318.7,-78555.0,-83080.9,-96425.9,25.2,24.5,41.7,31.2,36.0,frame_1311_msec.jpg
1.312,-77303.6,-81319.9,-78556.9,-83081.9,-96427.5,23.8,23.4,39.8,30.2,34.4,frame_1312_msec.jpg
1.312,-77305.1,-81320.9,-78558.8,-83083.2,-96429.1,22.4,22.3,37.9,28.9,32.8,frame_1312_msec.jpg
1.312,-77306.4,-81321.8,-78560.7,-83084.7,-96430.7,21.0,21.5,36.0,27.4,31.1,frame_1312_msec.jpg
1.312,-77307.7,-81322.5,-78562.5,-83086.2,-96432.3,19.7,20.7,34.2,25.9,29.6,frame_1312_msec.jpg
1.333,-77308.9,-81323.2,-78564.2,-83087.8,-96433.6,18.6,20.1,32.5,24.3,28.2,frame_1333_msec.jpg
1.345,-77310.0,-81323.7,-78565.7,-83089.2,-96434.9,17.5,19.6,31.0,22.9,27.0,frame_1345_msec.jpg
1.345,-77310.9,-81324.1,-78567.1,-83090.5,-96436.0,16.5,19.1,29.6,21.6,25.9,frame_1345_msec.jpg
1.346,-77311.7,-81324.5,-78568.2,-83091.7,-96436.9,15.7,18.8,28.5,20.4,24.9,frame_1346_msec.jpg
1.347,-77312.4,-81324.8,-78569.2,-83092.7,-96437.8,15.1,18.4,27.5,19.4,24.0,frame_1347_msec.jpg
1.347,-77312.9,-81325.1,-78570.0,-83093.6,-96438.6,14.6,18.2,26.7,18.5,23.3,frame_1347_msec.jpg
1.347,-77313.3,-81325.3,-78570.6,-83094.3,-96439.3,14.2,18.0,26.1,17.8,22.6,frame_1347_msec.jpg
1.347,-77313.5,-81325.4,-78571.1,-83094.8,-96439.8,14.0,17.9,25.6,17.3,22.1,frame_1347_msec.jpg
1.364,-77313.6,-81325.4,-78571.4,-83095.2,-96440.2,13.9,17.9,25.3,16.9,21.7,frame_1364_msec.jpg
1.377,-77313.6,-81325.3,-78571.5,-83095.4,-96440.3,13.9,18.0,25.2,16.7,21.5,frame_1377_msec.jpg
1.378,-77313.5,-81325.2,-78571.6,-83095.6,-96440.4,14.0,18.1,25.1,16.5,21.5,frame_1378_msec.jpg
1.378,-77313.5,-81325.0,-78571.6,-83095.8,-96440.4,14.0,18.2,25.1,16.3,21.5,frame_1378_msec.jpg
1.379,-77313.4,-81325.0,-78571.6,-83095.8,-96440.3,14.1,18.3,25.1,16.3,21.5,frame_1379_msec.jpg
1.379,-77313.4,-81324.9,-78571.7,-83095.9,-96440.3,14.1,18.3,25.0,16.2,21.6,frame_1379_msec.jpg
1.395,-77313.4,-81324.9,-78571.7,-83095.9,-96440.3,14.1,18.4,25.0,16.2,21.5,frame_1395_msec.jpg
1.411,-77313.3,-81324.9,-78571.8,-83095.8,-96440.4,14.2,18.4,24.9,16.3,21.5,frame_1411_msec.jpg
1.412,-77313.2,-81324.9,-78571.8,-83095.6,-96440.4,14.3,18.4,24.9,16.5,21.5,frame_1412_msec.jpg
1.412,-77313.1,-81324.8,-78571.7,-83095.4,-96440.4,14.4,18.5,25.0,16.7,21.5,frame_1412_msec.jpg
1.412,-77312.9,-81324.7,-78571.5,-83095.1,-96440.2,14.6,18.6,25.2,17.0,21.6,frame_1412_msec.jpg
1.413,-77312.5,-81324.5,-78571.0,-83094.8,-96440.0,14.9,18.8,25.6,17.3,21.9,frame_1413_msec.jpg
1.413,-77312.1,-81324.2,-78570.4,-83094.3,-96439.6,15.4,19.1,26.2,17.8,22.2,frame_1413_msec.jpg
1.427,-77311.5,-81323.7,-78569.6,-83093.7,-96439.1,16.0,19.5,27.1,18.4,22.8,frame_1427_msec.jpg
1.445,-77310.7,-81323.2,-78568.6,-83092.8,-96438.3,16.8,20.1,28.1,19.3,23.6,frame_1445_msec.jpg
1.445,-77309.5,-81322.4,-78567.2,-83091.7,-96437.2,17.9,20.9,29.4,20.4,24.7,frame_1445_msec.jpg
1.445,-77308.0,-81321.4,-78565.7,-83090.3,-96435.8,19.5,21.9,31.0,21.8,26.1,frame_1445_msec.jpg
1.446,-77306.1,-81320.1,-78563.8,-83088.6,-96433.9,21.4,23.2,32.9,23.5,28.0,frame_1446_msec.jpg
1.446,-77303.7,-81318.4,-78561.7,-83086.9,-96431.6,23.8,24.8,35.0,25.2,30.2,frame_1446_msec.jpg
1.461,-77301.0,-81316.4,-78559.4,-83085.3,-96429.0,26.4,26.9,37.3,26.8,32.9,frame_1461_msec.jpg
1.478,-77298.1,-81313.9,-78557.1,-83083.9,-96426.1,29.3,29.4,39.6,28.2,35.8,frame_1478_msec.jpg
1.478,-77295.2,-81311.0,-78554.7,-83082.9,-96423.1,32.3,32.3,42.0,29.2,38.8,frame_1478_msec.jpg
1.478,-77292.4,-81307.8,-78552.5,-83082.5,-96420.2,35.1,35.5,44.2,29.6,41.6,frame_1478_msec.jpg
1.479,-77290.0,-81304.3,-78550.8,-83082.6,-96417.8,37.5,38.9,45.9,29.5,44.1,frame_1479_msec.jpg
1.479,-77288.3,-81300.9,-78549.6,-83083.3,-96416.1,39.2,42.4,47.1,28.8,45.8,frame_1479_msec.jpg
1.479,-77287.4,-81297.7,-78549.1,-83084.5,-96415.2,40.1,45.6,47.5,27.6,46.7,frame_1479_msec.jpg
1.519,-77287.4,-81295.0,-78549.6,-83086.1,-96415.4,40.0,48.2,47.1,26.0,46.5,frame_1519_msec.jpg
1.520,-77288.5,-81293.2,-78550.8,-83088.0,-96416.5,39.0,50.0,45.9,24.1,45.4,frame_1520_msec.jpg
1.520,-77290.4,-81292.5,-78552.8,-83090.0,-96418.4,37.1,50.8,43.9,22.1,43.5,frame_1520_msec.jpg
1.521,-77293.0,-81292.9,-78555.5,-83092.1,-96421.0,34.5,50.4,41.2,20.0,40.9,frame_1521_msec.jpg
1.521,-77296.0,-81294.3,-78558.5,-83094.2,-96424.0,31.5,48.9,38.2,17.9,37.9,frame_1521_msec.jpg
1.521,-77299.1,-81296.7,-78561.6,-83096.2,-96427.0,28.4,46.6,35.1,15.9,34.9,frame_1521_msec.jpg
1.521,-77302.2,-81299.6,-78564.7,-83097.9,-96429.9,25.3,43.7,32.0,14.2,31.9,frame_1521_msec.jpg
1.521,-77305.1,-81302.8,-78567.6,-83099.5,-96432.6,22.4,40.5,29.1,12.6,29.3,frame_1521_msec.jpg
1.522,-77307.6,-81306.0,-78570.1,-83100.7,-96434.9,19.8,37.3,26.5,11.4,26.9,frame_1522_msec.jpg
1.549,-77309.8,-81309.0,-78572.3,-83101.7,-96436.9,17.7,34.2,24.4,10.4,24.9,frame_1549_msec.jpg
1.550,-77311.6,-81311.8,-78574.2,-83102.4,-96438.6,15.8,31.5,22.5,9.7,23.2,frame_1550_msec.jpg
1.550,-77313.1,-81314.1,-78575.7,-83102.9,-96440.1,14.4,29.1,21.0,9.2,21.8,frame_1550_msec.jpg
1.551,-77314.3,-81316.1,-78577.0,-83103.3,-96441.3,13.2,27.1,19.7,8.8,20.6,frame_1551_msec.jpg
1.551,-77315.1,-81317.8,-78578.0,-83103.6,-96442.3,12.3,25.5,18.7,8.5,19.5,frame_1551_msec.jpg
1.551,-77315.8,-81319.1,-78578.8,-83103.8,-96443.2,11.7,24.2,17.9,8.3,18.7,frame_1551_msec.jpg
1.579,-77316.2,-81320.1,-78579.5,-83104.0,-96443.9,11.3,23.2,17.2,8.1,18.0,frame_1579_msec.jpg
1.580,-77316.4,-81320.8,-78579.9,-83104.2,-96444.4,11.1,22.4,16.8,7.9,17.5,frame_1580_msec.jpg
1.580,-77316.5,-81321.3,-78580.2,-83104.3,-96444.7,11.0,22.0,16.5,7.8,17.2,frame_1580_msec.jpg
1.580,-77316.4,-81321.6,-78580.3,-83104.4,-96444.8,11.1,21.7,16.4,7.7,17.1,frame_1580_msec.jpg
1.581,-77316.3,-81321.6,-78580.2,-83104.5,-96444.8,11.2,21.7,16.5,7.6,17.1,frame_1581_msec.jpg
1.581,-77316.1,-81321.3,-78579.9,-83104.5,-96444.6,11.4,21.9,16.8,7.6,17.3,frame_1581_msec.jpg
1.612,-77315.7,-81320.8,-78579.4,-83104.4,-96444.2,11.8,22.5,17.3,7.7,17.7,frame_1612_msec.jpg
1.613,-77315.2,-81319.8,-78578.6,-83104.2,-96443.6,12.3,23.4,18.1,7.9,18.3,frame_1613_msec.jpg
1.613,-77314.4,-81318.4,-78577.6,-83103.8,-96442.8,13.1,24.8,19.1,8.3,19.1,frame_1613_msec.jpg
1.613,-77313.3,-81316.4,-78576.1,-83103.3,-96441.6,14.1,26.9,20.5,8.8,20.3,frame_1613_msec.jpg
1.613,-77311.8,-81313.7,-78574.3,-83102.5,-96439.9,15.6,29.6,22.4,9.6,22.0,frame_1613_msec.jpg
1.614,-77309.8,-81310.2,-78571.9,-83101.5,-96437.6,17.7,33.0,24.8,10.6,24.3,frame_1614_msec.jpg
1.643,-77307.1,-81306.1,-78568.7,-83100.0,-96434.6,20.4,37.2,28.0,12.1,27.3,frame_1643_msec.jpg
1.645,-77303.6,-81301.3,-78564.8,-83098.2,-96430.7,23.9,42.0,31.9,13.9,31.2,frame_1645_msec.jpg
1.645,-77299.3,-81296.2,-78560.1,-83095.9,-96425.8,28.2,47.1,36.6,16.2,36.1,frame_1645_msec.jpg
1.645,-77294.1,-81291.0,-78554.4,-83093.0,-96419.9,33.3,52.2,42.3,19.1,42.0,frame_1645_msec.jpg
1.646,-77288.2,-81286.3,-78548.1,-83089.5,-96413.2,39.2,57.0,48.6,22.6,48.7,frame_1646_msec.jpg
1.646,-77281.9,-81282.4,-78541.3,-83085.4,-96405.9,45.6,60.9,55.4,26.7,56.0,frame_1646_msec.jpg
1.674,-77275.5,-81279.7,-78534.4,-83080.6,-96398.5,52.0,63.6,62.3,31.5,63.3,frame_1674_msec.jpg
1.677,-77269.6,-81278.6,-78527.9,-83075.2,-96391.7,57.8,64.7,68.8,36.9,70.2,frame_1677_msec.jpg
1.678,-77264.9,-81279.2,-78522.4,-83069.6,-96386.0,62.6,64.1,74.3,42.5,75.8,frame_1678_msec.jpg
1.678,-77261.7,-81281.4,-78518.3,-83063.9,-96382.2,65.8,61.9,78.4,48.2,79.7,frame_1678_msec.jpg
1.678,-77260.5,-81285.0,-78516.1,-83058.8,-96380.5,67.0,58.3,80.6,53.3,81.4,frame_1678_msec.jpg
1.679,-77261.3,-81289.6,-78516.0,-83054.6,-96381.2,66.1,53.7,80.7,57.5,80.6,frame_1679_msec.jpg
1.679,-77264.1,-81294.8,-78518.1,-83052.0,-96384.2,63.3,48.5,78.6,60.1,77.7,frame_1679_msec.jpg
1.705,-77268.6,-81300.0,-78522.0,-83051.2,-96389.0,58.9,43.3,74.7,60.9,72.8,frame_1705_msec.jpg
1.711,-77274.1,-81305.0,-78527.5,-83052.3,-96395.2,53.4,38.3,69.2,59.8,66.7,frame_1711_msec.jpg
1.712,-77280.1,-81309.5,-78533.8,-83055.1,-96402.0,47.4,33.8,62.9,57.0,59.8,frame_1712_msec.jpg
1.712,-77286.2,-81313.3,-78540.6,-83059.4,-96409.0,41.3,30.0,56.1,52.7,52.9,frame_1712_msec.jpg
1.712,-77291.9,-81316.4,-78547.1,-83064.6,-96415.5,35.6,26.9,49.6,47.5,46.3,frame_1712_msec.jpg
1.713,-77296.9,-81318.9,-78553.1,-83070.1,-96421.4,30.6,24.4,43.6,42.0,40.5,frame_1713_msec.jpg
1.713,-77301.2,-81320.8,-78558.3,-83075.5,-96426.4,26.3,22.4,38.4,36.6,35.5,frame_1713_msec.jpg
1.736,-77304.6,-81322.3,-78562.6,-83080.4,-96430.5,22.9,21.0,34.1,31.7,31.4,frame_1736_msec.jpg
1.745,-77307.3,-81323.4,-78566.0,-83084.6,-96433.8,20.1,19.8,30.7,27.5,28.1,frame_1745_msec.jpg
1.745,-77309.4,-81324.3,-78568.6,-83088.1,-96436.3,18.0,18.9,28.1,24.0,25.5,frame_1745_msec.jpg
1.746,-77311.1,-81325.1,-78570.6,-83091.0,-96438.3,16.4,18.2,26.1,21.1,23.6,frame_1746_msec.jpg
1.747,-77312.3,-81325.6,-78572.2,-83093.3,-96439.8,15.1,17.6,24.5,18.8,22.0,frame_1747_msec.jpg
1.747,-77313.4,-81326.2,-78573.5,-83095.2,-96441.0,14.1,17.1,23.2,16.9,20.9,frame_1747_msec.jpg
1.747,-77314.3,-81326.6,-78574.6,-83096.8,-96441.8,13.2,16.7,22.1,15.3,20.1,frame_1747_msec.jpg
1.778,-77315.0,-81327.0,-78575.6,-83098.0,-96442.4,12.5,16.3,21.1,14.1,19.5,frame_1778_msec.jpg
1.794,-77315.6,-81327.4,-78576.4,-83099.1,-96442.8,11.9,15.9,20.3,13.0,19.1,frame_1794_msec.jpg
1.796,-77316.0,-81327.8,-78577.2,-83099.9,-96443.1,11.5,15.5,19.5,12.2,18.8,frame_1796_msec.jpg
1.796,-77316.4,-81328.1,-78577.9,-83100.5,-96443.3,11.1,15.2,18.8,11.6,18.5,frame_1796_msec.jpg
1.797,-77316.6,-81328.5,-78578.6,-83100.9,-96443.5,10.9,14.8,18.1,11.2,18.3,frame_1797_msec.jpg
1.797,-77316.7,-81328.8,-78579.1,-83101.1,-96443.7,10.7,14.5,17.6,11.0,18.1,frame_1797_msec.jpg
1.797,-77316.8,-81329.1,-78579.5,-83101.3,-96443.9,10.7,14.1,17.2,10.8,18.0,frame_1797_msec.jpg
1.798,-77316.8,-81329.4,-78579.8,-83101.4,-96444.1,10.7,13.8,16.9,10.7,17.8,frame_1798_msec.jpg
1.798,-77316.8,-81329.7,-78580.1,-83101.5,-96444.1,10.7,13.6,16.6,10.6,17.7,frame_1798_msec.jpg
1.798,-77316.8,-81330.0,-78580.4,-83101.6,-96444.2,10.7,13.3,16.3,10.5,17.7,frame_1798_msec.jpg
